Window,SL Multiplier,Total Trades,Total Units,Win Rate (%),Total PnL,Average PnL,Max Drawdown,Risk-Reward,Avg Win,Avg Loss,Average MAE,Max MAE,Average MFE,Max MFE,Winning PnL,Losing PnL,Avg Trade Efficiency (%),Sharpe-like Ratio,Sortino Ratio,Expectancy,Normalized PnL,PnL per Unit,Efficiency Ratio
10,1.5,1827,3142,14.72359058565955,3036.4349999999768,1.661978653530365,139.91999999999825,8.888140228530167,22.510669144981346,-2.532663590604031,-0.1513360874362531,-38.983333333333576,0.09951777134864301,43.9050000000002,6055.369999999982,-3018.935000000005,-0.07097705354389862,0.16638083806781345,0.3384894633096065,1.1546141903880143,1.661978653530365,0.9664019732654286,10.98203793745121
10,1.0,1898,3136,13.487881981032665,3001.4699999999775,1.5813856691253834,116.39999999999918,10.318074718583143,22.40218749999996,-2.171159650516292,-0.1103285078696061,-38.983333333333576,0.05731638148761565,43.9050000000002,5734.95999999999,-2733.4900000000116,-3.629865880702271,0.15633270646362568,0.3314593011491772,1.1432644119347937,1.5813856691253834,0.9571014030612173,14.333427503563946
10,2.5,1737,3161,16.29245826137018,2887.249999999982,1.6622049510650443,169.85000000000218,7.209123749935905,22.304911660777343,-3.093983739837404,-0.20351588672314386,-38.983333333333576,0.14331197741042373,43.9050000000002,6312.289999999988,-3425.0400000000063,2.4095718280040535,0.1730478567100591,0.3227954541666948,1.0441206921568242,1.6622049510650443,0.9133976589686751,8.16744568607684
10,2.75,1722,3176,16.608594657375146,2929.4199999999814,1.701173054587678,178.99750000000176,6.999823070028489,22.559475524475488,-3.2228636779506017,-0.22137549084675026,-38.983333333333576,0.1435548227421047,43.9050000000002,6452.009999999989,-3522.5900000000074,3.473695320519781,0.17595358153640628,0.3269295423530266,1.0592205333698756,1.701173054587678,0.922361460957173,7.684559153683976
10,2.0,1775,3168,15.605633802816902,2940.3399999999783,1.6565295774647766,157.99000000000206,7.817246667997395,22.43837545126348,-2.870368098159514,-0.180174571875701,-38.983333333333576,0.1357521886876822,43.9050000000002,6215.429999999984,-3275.090000000005,1.1220598475467893,0.16930999131109897,0.32732477771395424,1.0792217402574824,1.6565295774647766,0.9281376262626194,9.19402532898807
10,3.25,1685,3176,17.329376854599406,2860.1274999999923,1.6974050445103812,191.98000000000138,6.445242119649581,22.344212328767085,-3.4667762535477733,-0.24781013141161987,-38.983333333333576,0.14976850360322047,43.9050000000002,6524.509999999989,-3664.3824999999965,-0.10228895888453182,0.17983427810290292,0.31786982667795805,1.0061072277791934,1.6974050445103812,0.9005439231738012,6.849619242124294
10,3.5,1671,3179,17.713943746259726,3002.1749999999906,1.7966337522441596,184.04000000000087,6.358589483441933,22.72185810810807,-3.573411708253357,-0.2467520874298299,-38.983333333333576,0.14817909150494313,50.303333333333285,6725.669999999988,-3723.494999999998,-0.3163534393453875,0.18765321371009935,0.33098665484062617,1.0845175949441193,1.7966337522441596,0.9443771626297548,7.281128889153074
10,3.75,1667,3193,17.75644871025795,2900.4349999999936,1.739913017396517,197.15750000000162,6.166092109546274,22.719999999999956,-3.6846676300577976,-0.2616078212928897,-38.983333333333576,0.14263932927700013,50.303333333333285,6725.119999999987,-3824.684999999994,-0.6079816676210318,0.18280878774083667,0.31790995376801473,1.00386363478749,1.739913017396517,0.908373003445034,6.650844798132213
10,3.0,1704,3180,16.960093896713616,2904.2199999999903,1.704354460093891,185.2000000000021,6.716780878957043,22.52152249134944,-3.3530232558139517,-0.2386315951263179,-38.983333333333576,0.1593554940755642,43.9050000000002,6508.719999999988,-3604.499999999998,1.0196463219059142,0.17782868018527778,0.32239592509571163,1.0353239982530789,1.704354460093891,0.9132767295597454,7.1421995029271095
10,4.0,1654,3188,17.89600967351874,2851.889999999994,1.724238210399029,203.82000000000153,6.028619756498379,22.7278378378378,-3.7699902723735357,-0.2560854926009164,-38.983333333333576,0.15061946507744436,50.303333333333285,6727.439999999989,-3875.5499999999947,-1.0638629287714463,0.18190231822942748,0.3128777775966826,0.9720636095022526,1.724238210399029,0.8945702634880784,6.733056968151185
1,1.5,6600,13394,22.71212121212121,7378.734999999976,1.1179901515151478,50.664999999997235,7.5603228595933345,7.721274182788515,-1.021288948393381,-0.02997657642441602,-54.67000000000053,-0.2820386976365346,38.17599999999993,11574.189999999984,-4195.455000000009,-21.64088341155114,0.3337291389168497,0.9277610116789663,0.9643325870068709,1.1179901515151478,0.5508985366582034,37.2954581499354
1,1.0,6688,13130,21.68062200956938,7250.60999999999,1.0841223086124387,47.90999999999576,8.575418095543933,7.584082758620686,-0.8843980169971681,-0.03503117060039662,-54.67000000000053,-0.2749758476338879,38.17599999999993,10996.919999999995,-3746.310000000004,-21.2605146100889,0.3236338276865625,0.9371802637105758,0.9516212899175882,1.0841223086124387,0.5522170601675545,30.947361736183726
1,2.5,6496,13830,24.16871921182266,7268.559999999974,1.1189285714285675,60.845000000002074,6.244219354259865,7.755159235668772,-1.2419741837509488,-0.03357462645455105,-54.67000000000053,-0.28739851808016403,38.17599999999993,12175.599999999973,-4907.039999999999,-24.713276720662883,0.3435887549668487,0.8213542276726452,0.9325177295016623,1.1189285714285675,0.5255647143890075,33.32661267112612
1,2.75,6482,13899,24.313483492749153,7318.902499999988,1.1291117710583136,64.48750000000246,6.110257728558722,7.847379441624352,-1.2842959806664949,-0.03354381296991492,-54.67000000000053,-0.28864254792825805,38.17599999999993,12367.46999999998,-5048.567499999991,-25.487095197040837,0.34407966248642646,0.8078140728654172,0.9359324157436216,1.1291117710583136,0.5265776314842786,33.660805707180685
1,2.0,6537,13619,23.48171944316965,7299.679999999974,1.1166712559277916,55.149999999996,6.795124382086505,7.737635179153079,-1.138703980099503,-0.032049496582996405,-54.67000000000053,-0.2837521124618375,38.17599999999993,11877.269999999977,-4577.590000000002,-23.245040734882856,0.33844003589185634,0.8748521350578918,0.9456130781003919,1.1166712559277916,0.5359923636096611,34.842084119356564
1,3.25,6443,14045,24.75554865745771,7350.839999999969,1.1409033059133895,69.68750000000364,5.807705417897913,7.928902821316599,-1.3652384635215278,-0.03696450122385073,-54.67000000000053,-0.28855227089636054,38.17599999999993,12646.599999999975,-5295.760000000007,-26.3272623514424,0.3476421839146731,0.7723660847178001,0.9355772045394397,1.1409033059133895,0.5233777144891398,30.864837023074465
1,3.5,6425,14130,25.027237354085603,7370.129999999974,1.1471019455252878,71.97500000000446,5.656395098171323,7.945963930348244,-1.4047752663029363,-0.038974488857445,-54.67000000000053,-0.29011067562786985,38.17599999999993,12777.109999999975,-5406.980000000001,-26.58809887084745,0.35073195544122354,0.7488203494793554,0.9354564268044718,1.1471019455252878,0.5215944798301467,29.432122887383695
1,3.75,6416,14184,25.15586034912718,7282.34499999999,1.135028834164587,79.3200000000079,5.511187460330389,7.931604708798004,-1.4391825293350688,-0.037938315736631714,-54.67000000000053,-0.29026531074909745,38.17599999999993,12801.609999999979,-5519.264999999989,-27.022215159188235,0.34964726654867007,0.7227518810039788,0.9181196219035188,1.135028834164587,0.5134196982515503,29.917744426082912
1,3.0,6460,13975,24.58204334365325,7305.929999999976,1.130948916408665,67.71000000000367,5.9300504527467615,7.8530289672543905,-1.3242769230769222,-0.03615340858831437,-54.67000000000053,-0.2903887027059584,38.17599999999993,12470.609999999971,-5164.679999999997,-26.020712825747268,0.3464517900989297,0.789325277010744,0.931692388663964,1.130948916408665,0.5227856887298731,31.281944374512292
1,4.0,6410,14230,25.28861154446178,7215.329999999987,1.1256365054602164,76.79000000000451,5.387412308706827,7.916903146206036,-1.4695187025895886,-0.039350972506432186,-54.67000000000053,-0.2929001144721078,38.17599999999993,12833.299999999985,-5617.9699999999975,-27.37714109683329,0.3491761706794787,0.7000237894969329,0.9041770566768248,1.1256365054602164,0.5070505973295845,28.605049221495694
2,1.5,4666,8799,17.895413630518643,4589.2249999998985,0.9835458636947918,104.53000000000611,8.001511150501033,10.043245508981963,-1.2551685950413356,-0.07138761969087215,-56.33000000000038,-0.27592683957942565,38.23250000000007,8386.109999999939,-3796.8850000000402,-23.39032265482011,0.22383642594993258,0.5792490424564428,0.7667293425624906,0.9835458636947918,0.5215621093305942,13.777541091211802
2,1.0,4751,8646,16.838560303094084,4591.00999999992,0.966324984213833,99.9199999999878,9.18758021602136,9.999912499999935,-1.0884163473818738,-0.08265282299495554,-56.33000000000038,-0.27036067397369623,38.23250000000007,7999.929999999948,-3408.9200000000287,-22.821109878844897,0.21687154831569813,0.5791858153742118,0.7786985921898893,0.966324984213833,0.5309981494332547,11.69137301302836
2,2.5,4574,9079,19.282903366856143,4481.154999999899,0.9797015741145384,90.10499999999183,6.605037069266273,10.130668934240289,-1.5337792699724642,-0.07764747086707618,-56.33000000000038,-0.2723107852527323,38.23250000000007,8935.249999999935,-4454.095000000036,-24.65765767141976,0.22792000650806934,0.5495750376364817,0.7154650055228677,0.9797015741145384,0.4935736314571978,12.617301802291516
2,2.75,4553,9140,19.547551065231715,4472.4424999999,0.982306720843378,98.2324999999953,6.384783905271292,10.185842696629141,-1.595330844043083,-0.07653458124592026,-56.33000000000038,-0.2724252028141145,38.23250000000007,9065.399999999936,-4592.957500000036,-23.509061364669,0.22869573727383144,0.5388098966952478,0.7076000699033875,0.982306720843378,0.4893263129102735,12.834808851792609
2,2.0,4610,8946,18.655097613882862,4549.949999999894,0.9869739696312135,88.51999999999202,7.187272504026829,10.133616279069688,-1.4099390656736759,-0.07778914853523837,-56.33000000000038,-0.27216658888230855,38.23250000000007,8714.909999999933,-4164.960000000038,-23.792066287013885,0.22627475673116923,0.5664112867863467,0.743522452000791,0.9869739696312135,0.5086016096579359,12.687810423636606
2,3.25,4526,9247,20.01767565178966,4368.192499999898,0.9651331197525184,103.89999999998872,5.963197281437445,10.160640176600374,-1.703891334977119,-0.07238947895404448,-56.33000000000038,-0.27369526773000313,38.23250000000007,9205.539999999939,-4837.347500000041,-22.953385243640362,0.22825157464822216,0.5094806710449815,0.6711121006148404,0.9651331197525184,0.472390234670693,13.332505409594406
2,3.5,4504,9294,20.33747779751332,4474.309999999907,0.9934080817051303,110.3099999999913,5.864682176916888,10.245960698689895,-1.7470615439345565,-0.07275317090275396,-56.33000000000038,-0.2761479311158953,38.23250000000007,9385.299999999945,-4910.990000000038,-22.776189196804182,0.2337733543171399,0.5176008520584622,0.6920166919100255,0.9934080817051303,0.4814191951796758,13.654498757627708
2,3.75,4493,9334,20.454039617182286,4433.257499999905,0.9867032049855119,113.30749999999443,5.736854465310944,10.283547334058703,-1.7925410861021944,-0.0664978741181107,-56.33000000000038,-0.27667815455434186,38.23250000000007,9450.579999999947,-5017.322500000042,-23.010858820926504,0.23241137179070556,0.507506521536643,0.677506823563478,0.9867032049855119,0.47495794943217323,14.838116527349003
2,3.0,4539,9196,19.82815598149372,4395.649999999896,0.9684181537783424,103.87999999999079,6.133304190981338,10.120166666666593,-1.6500350140056157,-0.07737283140471582,-56.33000000000038,-0.2741342325944025,38.23250000000007,9108.149999999934,-4712.500000000038,-23.55510598862841,0.22866661192311077,0.520350812550954,0.6837789345744656,0.9684181537783424,0.4779958677685837,12.516255851008161
2,4.0,4483,9381,20.633504349765783,4567.649999999907,1.0188824447914135,116.61999999999307,5.697384972585401,10.463535135135077,-1.8365504850880485,-0.06150942095180866,-56.33000000000038,-0.28697674194221395,38.23250000000007,9678.769999999946,-5111.120000000039,-23.177267319322297,0.2362082433485863,0.5137797905860804,0.7013882163856058,1.0188824447914135,0.4869043811960246,16.5646567472922
3,1.5,3771,6909,16.626889419252187,3816.554999999983,1.0120803500397728,106.34500000000207,8.178032060681435,11.587320574162703,-1.4168837304848116,-0.08520645309785486,-32.86000000000013,-0.3002661189689746,41.5300000000002,7265.250000000015,-3448.6950000000315,-15.092012447908598,0.19902396831044647,0.4990066768914151,0.7453109391025632,1.0120803500397728,0.5524033868866671,11.87797770290303
3,1.0,3833,6791,15.575267414557786,3786.3699999999744,0.9878345943125423,94.04000000000269,9.34342329656016,11.553685092127312,-1.236558028616864,-0.07793755018786981,-32.86000000000013,-0.30646350896689273,41.5300000000002,6897.550000000005,-3111.18000000003,-13.727238265511822,0.19149412200346153,0.4872208995906783,0.7555565404111224,0.9878345943125423,0.5575570608157818,12.674693930350003
3,2.5,3686,7073,17.74281063483451,3699.4699999999366,1.0036543678784418,153.35500000001275,6.841432258807792,11.864113149847086,-1.7341563434429972,-0.08042115245940026,-32.86000000000013,-0.29825077806981637,41.5300000000002,7759.129999999994,-4059.6600000000562,-17.347906864658125,0.19815570531237378,0.47195064266970577,0.678558862365932,1.0036543678784418,0.5230411423723931,12.479979920520607
3,2.75,3669,7098,17.934041973289723,3601.0974999999426,0.9814929136004205,164.70750000001408,6.56195415755474,11.834255319148928,-1.8034651012494836,-0.08220912636468207,-32.86000000000013,-0.29290686416789513,41.5300000000002,7786.939999999995,-4185.842500000052,-16.88600618487415,0.19569603037834352,0.45365089457133934,0.6423294031446716,0.9814929136004205,0.5073397435897355,11.938977544250859
3,2.0,3714,7016,17.312870220786213,3798.009999999943,1.0226198169089777,134.37000000000626,7.375252256545014,11.812690513219279,-1.601665963728407,-0.07911433649518601,-32.86000000000013,-0.2990739487730527,41.5300000000002,7595.559999999996,-3797.550000000053,-16.976761403613015,0.20029720072702523,0.48882253293607025,0.7207441640791754,1.0226198169089777,0.541335518814131,12.925847099421768
3,3.25,3633,7188,18.52463528764107,3586.6399999999344,0.9872391962565192,183.87750000001324,6.150494555184408,11.85820208023773,-1.928007898200991,-0.07963018202551092,-32.86000000000013,-0.29761531827654003,41.5300000000002,7980.569999999992,-4393.9300000000585,-17.034857044740274,0.19883582901981697,0.4455364672613848,0.6258372202931621,0.9872391962565192,0.49897607122981835,12.397801576545938
3,3.5,3616,7225,18.805309734513273,3631.44999999993,1.004272676991131,156.9550000000081,6.0117277324474525,11.942882352941167,-1.9865973451327719,-0.08861936337537182,-32.86000000000013,-0.2834147173576705,41.5300000000002,8121.1599999999935,-4489.710000000065,-16.789322532695035,0.2017364260270798,0.4471211748620698,0.6328844564961766,1.004272676991131,0.5026228373702325,11.332429378185175
3,3.75,3604,7255,19.00665926748058,3578.169999999929,0.9928329633740092,161.17250000000786,5.832857469073808,11.909197080291964,-2.0417432010700254,-0.0806650709168698,-32.86000000000013,-0.2845607423930041,41.5300000000002,8157.799999999996,-4579.6300000000665,-17.265932912363322,0.20123386955263792,0.43901362194206256,0.6098644828181443,0.9928329633740092,0.493200551343891,12.308090132309971
3,3.0,3650,7151,18.246575342465754,3613.1599999999435,0.989906849315053,172.68000000001257,6.344464142341143,11.8996096096096,-1.8755893866898863,-0.07590692729644266,-32.86000000000013,-0.3008356944197273,41.5300000000002,7925.139999999993,-4311.980000000049,-17.23258553892162,0.19750695375726626,0.4507379588175636,0.6379126767444858,0.989906849315053,0.5052663963082007,13.041060738094776
3,4.0,3592,7302,19.237193763919823,3654.1099999999287,1.017291202672586,155.94000000000733,5.74078749081205,12.070694645441385,-2.1026200089726634,-0.07366116803574614,-32.86000000000013,-0.2964562682584601,41.5300000000002,8340.849999999997,-4686.740000000067,-17.414739488612973,0.2041098687104073,0.43946678793313326,0.6239279938670106,1.017291202672586,0.5004259107093849,13.810413679279657
4,1.5,3178,5735,15.449968533668972,4188.829999999981,1.3180711139081123,157.79999999999973,9.501189608814663,15.330346232179236,-1.6135186080232116,-0.17187842340862652,-40.02250000000004,-0.11800491805934801,59.71142857142832,7527.200000000005,-3338.370000000025,-14.276022836336166,0.19218308343934024,0.5211497331045422,1.0043031781754672,1.3180711139081123,0.7303975588491685,7.668624646239096
4,1.0,3258,5651,14.395334561080416,4321.849999999976,1.3265346838551184,143.96000000000004,11.315952769667346,15.510000000000012,-1.3706313834726227,-0.14078300259354182,-40.02250000000004,-0.13508318675560102,59.71142857142832,7274.190000000006,-2952.3400000000292,-13.978081867267695,0.18763704657993613,0.5460659677463183,1.0593919802010008,1.3265346838551184,0.7647938417979075,9.422548599030739
4,2.5,3094,5859,16.515837104072396,4034.7199999999643,1.304046541693589,173.67999999999938,7.879785711203281,15.511898238747568,-1.9685685381891973,-0.17336390024899562,-40.02250000000004,-0.11306008641576902,59.71142857142832,7926.580000000007,-3891.860000000043,-15.912476706486567,0.19257399332747915,0.49237622388824787,0.9184768797211726,1.304046541693589,0.6886362860556348,7.522018942932405
4,2.75,3074,5884,16.688353936239427,4008.024999999966,1.3038467794404573,183.5449999999978,7.6546986616773385,15.59857699805069,-2.037778061224509,-0.17639017806454016,-40.02250000000004,-0.12032641749199456,59.71142857142832,8002.070000000004,-3994.045000000038,-15.833933710194106,0.19229645473168772,0.4879663429606854,0.9054392925192052,1.3038467794404573,0.6811735214139983,7.391833228737868
4,2.0,3131,5810,16.00127754710955,4127.59999999997,1.3183008623442896,165.73999999999978,8.60835381375818,15.483732534930143,-1.7986868186323248,-0.1724881645112337,-40.02250000000004,-0.12484523892835286,59.71142857142832,7757.350000000001,-3629.7500000000314,-16.006994252683253,0.1926629825977558,0.5181821040804981,0.9667210689865817,1.3183008623442896,0.7104302925989622,7.642848227180434
4,3.25,3040,5934,17.07236842105263,4043.557499999952,1.3301175986841949,188.93499999999676,7.273976980909627,15.914315992292876,-2.187842501297379,-0.1678631299164972,-40.02250000000004,-0.13920523517965372,59.71142857142832,8259.530000000002,-4215.972500000049,-16.7164190765985,0.19380325173202656,0.488408104060282,0.9026246888912202,1.3301175986841949,0.6814218907987786,7.923822219601506
4,3.5,3026,5970,17.38268341044283,4057.719999999966,1.3409517514871006,186.86999999999716,7.049453182523047,15.900228136882138,-2.255526453640669,-0.17335985292338027,-40.02250000000004,-0.13356143917585847,59.71142857142832,8363.520000000004,-4305.8000000000375,-16.113969231213815,0.1965527400476726,0.4836899274190693,0.9004308876068516,1.3409517514871006,0.6796850921272976,7.735076656299196
4,3.75,3019,5997,17.48923484597549,4006.852499999971,1.327211825107642,189.22499999999718,6.892986521044245,15.868560606060617,-2.30213138493946,-0.15922262518129907,-40.02250000000004,-0.134797318788453,59.71142857142832,8378.600000000006,-4371.747500000035,-15.975600945873525,0.1956611874024075,0.4822115376307131,0.8757836105054024,1.327211825107642,0.6681428214107005,8.33557306065272
4,3.0,3051,5917,16.912487708947886,4140.399999999961,1.3570632579482012,186.2399999999975,7.544021322729188,15.99581395348838,-2.1203298969072373,-0.17293627715923257,-40.02250000000004,-0.13144496283605825,59.71142857142832,8253.840000000004,-4113.4400000000405,-16.612533595632566,0.19560589777111898,0.5024701892521809,0.9435607051262398,1.3570632579482012,0.6997464931553087,7.84718672241726
4,4.0,3011,6020,17.602125539687812,3904.1799999999644,1.2966389903686364,191.57999999999674,6.674082886270277,15.837471698113216,-2.3729809725158773,-0.1538903815196533,-40.02250000000004,-0.13803518391088457,59.71142857142832,8393.860000000004,-4489.680000000039,-15.890325355287633,0.19260126755534787,0.46197981836604274,0.8324457679136876,1.2966389903686364,0.6485348837209243,8.425731209218185
5,1.5,2784,5011,15.301724137931034,4070.434999999996,1.4620815373563203,106.08999999999469,9.595740469059809,17.035539906103335,-1.7753231197771733,-0.15850354115871387,-38.53999999999997,-0.06441230552652719,59.26285714285677,7257.140000000021,-3186.705000000026,-12.809442447974023,0.1916200218946314,0.5092562624499646,1.1030632484071283,1.4620815373563203,0.8122999401317094,9.224283108554014
5,1.0,2858,4962,14.310706787963612,3975.049999999991,1.390850244926519,106.35999999999649,10.9299432944242,16.727481662591725,-1.5304271222637613,-0.13496340504414492,-38.53999999999997,-0.07097460168514907,59.26285714285677,6841.540000000015,-2866.490000000025,-12.429170701525642,0.18304208111323966,0.4966134608487892,1.0824086695507575,1.390850244926519,0.8010983474405464,10.30538792698353
5,2.5,2704,5107,16.605029585798817,3971.264999999974,1.4686630917159667,144.32500000000618,7.872936399222524,17.113518930957717,-2.173714871194403,-0.17725205657056653,-38.53999999999997,-0.03799170154097756,59.26285714285677,7683.970000000016,-3712.705000000041,-13.488193890260614,0.1966107568534248,0.48769866497852177,1.0289360079351462,1.4686630917159667,0.7776121010377862,8.28573230760384
5,2.75,2691,5129,16.7967298402081,3979.164999999978,1.4786937941285687,152.65000000000646,7.653638317210619,17.25066371681419,-2.25391676505315,-0.1812582290227228,-38.53999999999997,-0.048891079264265114,59.26285714285677,7797.300000000014,-3818.1350000000357,-12.520377511070222,0.19720193971198913,0.4860331595618574,1.0222149249520671,1.4786937941285687,0.7758169233768724,8.157940205535152
5,2.0,2745,5062,15.919854280510018,3999.8599999999897,1.4571438979963534,125.36000000000513,8.64267541927187,17.047368421052678,-1.9724642652944717,-0.18305631937380534,-38.53999999999997,-0.05320203886378472,59.26285714285677,7449.70000000002,-3449.840000000031,-13.829698924597272,0.1933204858804709,0.5016258170629577,1.0554653827688087,1.4571438979963534,0.7901738443303021,7.96008519662646
5,3.25,2657,5151,17.199849454271735,3970.7399999999734,1.494444862627013,166.7150000000056,7.233365028018754,17.453194748358893,-2.4128734939759275,-0.17916088732912228,-38.53999999999997,-0.05632310035132507,59.26285714285677,7976.110000000013,-4005.37000000004,-13.120722716977742,0.1987251252617374,0.48425040050907314,1.0040603361885485,1.494444862627013,0.770867792661614,8.341356670564412
5,3.5,2640,5169,17.5,4066.349999999987,1.540284090909086,173.68000000000393,7.090564344063486,17.636406926406966,-2.4873065204144007,-0.1955190932594338,-38.53999999999997,-0.05201909325943169,59.26285714285677,8148.020000000019,-4081.6700000000315,-12.974030675316353,0.20334990852655413,0.4905296251856522,1.0343433327793385,1.540284090909086,0.7866802089378966,7.877921614874138
5,3.75,2632,5188,17.591185410334344,4017.694999999987,1.5264798632218795,179.07000000000562,6.955742485172963,17.603714902807813,-2.53081751377834,-0.18723223386711346,-38.53999999999997,-0.04408253781847797,59.26285714285677,8150.520000000017,-4132.82500000003,-11.902374771087874,0.20254630862582523,0.491611848823766,1.011085415127202,1.5264798632218795,0.7744207787201208,8.15286893551292
5,3.0,2672,5138,16.991017964071855,4052.529999999975,1.5166654191616673,157.8400000000056,7.520925425485646,17.541740088105758,-2.332391174716779,-0.1772445961702142,-38.53999999999997,-0.04861435664925278,59.26285714285677,7963.950000000014,-3911.4200000000387,-12.904652495140652,0.19943857265665435,0.49545459442683554,1.044426038352619,1.5166654191616673,0.7887368625924436,8.556906399025898
5,4.0,2620,5203,17.709923664122137,3958.3999999999896,1.5108396946564846,189.92000000000417,6.772846963178921,17.630948275862107,-2.6031812577065523,-0.17937948073978746,-38.53999999999997,-0.049268793716883114,59.26285714285677,8180.7600000000175,-4222.360000000028,-12.100020555409165,0.20107307929796728,0.481955046423448,0.9802676367880498,1.5108396946564846,0.7607918508552738,8.422589297424425
6,1.5,2475,4395,15.070707070707071,3910.495000000058,1.5799979797980033,145.9300000000003,9.847582926519978,18.62000000000009,-1.8908193146417283,-0.1778363646566708,-44.69999999999982,-0.006854546474850753,57.01285714285677,6945.260000000033,-3034.764999999974,-6.644418370893448,0.18889125648345015,0.5092502903838586,1.2003061820699479,1.5799979797980033,0.8897599544937561,8.884560718772747
6,1.0,2547,4348,13.8201806046329,3872.4400000000546,1.5203926187671986,145.85999999999785,11.614721649336115,18.706392045454628,-1.6105760095011716,-0.13876687014290226,-44.69999999999982,-0.041691879958369295,57.01285714285677,6584.650000000029,-2712.209999999973,-5.947673152223485,0.17786721798710609,0.5157189120983093,1.197265669079292,1.5203926187671986,0.8906255749770134,10.956452481788316
6,2.5,2390,4467,16.569037656903767,3746.4700000000526,1.5675606694560889,164.20499999999856,7.950343298770002,18.258484848484922,-2.296565589980208,-0.19255992501223052,-44.69999999999982,0.0017413302178973362,57.01285714285677,7230.360000000029,-3483.8899999999758,-7.311628993317004,0.19641255466454918,0.4928164673185007,1.1092084575646424,1.5675606694560889,0.8386993507947286,8.140638138265398
6,2.75,2375,4485,16.8,3701.905000000057,1.5586968421052871,167.90749999999935,7.6326203492281675,18.318822055137915,-2.4000698602794213,-0.20969700524037896,-44.69999999999982,0.003919836864887801,57.01285714285677,7309.210000000028,-3607.3049999999703,-6.956911697947512,0.19583153541503356,0.4751676407663249,1.0807039815106911,1.5586968421052871,0.8253968784838477,7.433090617190878
6,2.0,2432,4440,15.830592105263158,3808.5600000000522,1.5660197368421267,161.78999999999905,8.766713467642948,18.39402597402605,-2.098166666666652,-0.19754426860831392,-44.69999999999982,0.004482869549582739,57.01285714285677,7081.70000000003,-3273.1399999999776,-6.862903214647124,0.19219848518634353,0.5020808950155815,1.1458687637061649,1.5660197368421267,0.8577837837837955,7.9274369632418615
6,3.25,2340,4500,17.307692307692307,3731.3800000000538,1.5946068376068605,182.14499999999953,7.185161109892498,18.605654320987707,-2.589455411844771,-0.2110907638657682,-44.69999999999982,-0.0016591399341419502,57.01285714285677,7535.290000000022,-3803.909999999968,-7.263326777676753,0.199124254968708,0.47047940610819594,1.0789289649916198,1.5946068376068605,0.8291955555555675,7.554128889413962
6,3.5,2328,4516,17.482817869415808,3719.8000000000557,1.5978522336769998,190.32000000000153,6.999176941883393,18.721646191646247,-2.674835390946479,-0.22910383194984024,-44.69999999999982,0.008112662895521667,57.01285714285677,7619.710000000022,-3899.9099999999667,-7.381873981094268,0.19914888428887326,0.46425708237150387,1.065872514601304,1.5978522336769998,0.8236935341009867,6.974358394960552
6,3.75,2319,4524,17.507546356188012,3649.5500000000534,1.573760241483421,192.8400000000006,6.859314556722973,18.767339901477882,-2.7360372157132784,-0.22506060979412018,-44.69999999999982,0.015357673948874637,57.01285714285677,7619.540000000021,-3969.989999999967,-6.827642739448242,0.19633591509452078,0.45999329781658943,1.028676501224889,1.573760241483421,0.8067086648983318,6.9926063157966984
6,3.0,2355,4497,17.112526539278132,3796.4600000000564,1.6120849256900451,174.83999999999878,7.420652872691649,18.6753598014889,-2.516673414304973,-0.21269740443562607,-44.69999999999982,0.013548880065438652,57.01285714285677,7526.170000000026,-3729.7099999999696,-7.292287388696709,0.199531680615901,0.4782974050345954,1.1098188939603904,1.6120849256900451,0.8442205915054606,7.579241175827092
6,4.0,2307,4538,17.555266579973992,3594.6900000000624,1.5581664499350074,195.4600000000005,6.70342015986671,18.915925925925983,-2.8218320610686747,-0.22866653875431878,-44.69999999999982,0.0186329844359742,57.01285714285677,7660.950000000023,-4066.25999999996,-7.416042082445802,0.19363208180826924,0.45194096289016245,0.9942893020578252,1.5581664499350074,0.792130894667268,6.814142805603553
7,1.5,2244,3935,14.171122994652407,3828.215,1.70597816399287,183.91499999999223,10.20726323859442,22.003144654088057,-2.1556360544217705,-0.1894666641909323,-49.35299999999961,0.06286399534561608,54.30499999999984,6997.000000000003,-3168.7850000000026,0.2666663915315626,0.17190854513815948,0.46527583274919965,1.2679344737895157,1.70597816399287,0.9728627700127065,9.004107246400322
7,1.0,2310,3905,13.116883116883116,3821.2799999999943,1.6542337662337638,171.00999999999112,11.891034364127371,22.004521452145216,-1.8505136540962328,-0.14873968425754355,-49.35299999999961,0.03426031574246126,54.30499999999984,6667.370000000001,-2846.090000000006,-2.8364725879978816,0.16415928611418942,0.46843150665079314,1.2785234182808922,1.6542337662337638,0.9785608194622265,11.12167055141417
7,2.5,2153,3985,15.699024616813748,3585.2849999999903,1.6652508128193173,182.23999999998614,8.122196503104503,21.344526627218947,-2.627925416364963,-0.20550488060219038,-49.35299999999961,0.07055178451625362,54.30499999999984,7214.450000000004,-3629.1650000000136,-0.32731990374086994,0.177943718954018,0.43838437350412507,1.1355157312111457,1.6652508128193173,0.8996951066499348,8.103217830835149
7,2.75,2138,3992,15.855940130963516,3538.9649999999997,1.6552689429373244,185.43499999998812,7.856342105708435,21.431681415929223,-2.727946559297223,-0.22379069594785633,-49.35299999999961,0.06900631060032483,54.30499999999984,7265.3400000000065,-3726.3750000000064,-0.5642381798776064,0.1769987604748788,0.4302825209410369,1.1027895883181955,1.6552689429373244,0.8865142785571142,7.396504738172874
7,2.0,2196,3984,14.981785063752277,3634.7000000000035,1.6551457194899835,171.46999999998934,8.876853140778218,21.53155015197571,-2.4255836849507775,-0.1949054359296869,-49.35299999999961,0.06292243292277762,54.30499999999984,7083.880000000009,-3449.1800000000057,-0.4875381629962015,0.1732595649999288,0.4437581366333369,1.1636226139330175,1.6551457194899835,0.9123242971887559,8.492044932431158
7,3.25,2107,4005,16.563834836260085,3472.2325,1.647950878025629,171.78999999998632,7.193420876367475,21.158108882521514,-2.9413139097744425,-0.23689456158986713,-49.35299999999961,0.05215622151407718,54.30499999999984,7384.1800000000085,-3911.9475000000084,-4.151530341130029,0.18092654393827434,0.41542152505217733,1.0504746780334782,1.647950878025629,0.8669744069912609,6.956474082671039
7,3.5,2091,4022,16.929698708751793,3433.3350000000064,1.641958393113346,172.39999999998872,6.884932817092788,21.044237288135612,-3.0565639269406395,-0.24572342161797214,-49.35299999999961,0.06717471324573356,54.30499999999984,7449.660000000006,-4016.3250000000003,-4.1981089313832065,0.18256484428448239,0.40342495593156397,1.0236291051669615,1.641958393113346,0.8536387369467943,6.682140360498925
7,3.75,2080,4026,17.01923076923077,3351.8649999999984,1.611473557692307,178.71249999998963,6.691435119847028,21.044717514124308,-3.1450230237912566,-0.24813269612332525,-49.35299999999961,0.06821345772283371,54.30499999999984,7449.830000000005,-4097.965000000007,-4.347627075478544,0.18005598459377092,0.3948739147823545,0.9718847408347582,1.611473557692307,0.8325546448087427,6.49440232129418
7,3.0,2122,4002,16.163996229971726,3527.970000000001,1.6625683317624889,171.13999999998668,7.547797533288885,21.459037900874662,-2.8430860534124687,-0.23317743069581504,-49.35299999999961,0.06620993970946908,54.30499999999984,7360.450000000009,-3832.4800000000077,-3.9714822293361016,0.1786176012256002,0.4253157396258055,1.0851083463615585,1.6625683317624889,0.8815517241379314,7.130056827546681
7,4.0,2071,4029,17.093191694833415,3291.7399999999966,1.5894447126991775,181.83999999999014,6.552526040895673,21.0720338983051,-3.2158641975308715,-0.2464498670223,-49.35299999999961,0.07366119043787012,54.30499999999984,7459.5000000000055,-4167.760000000009,-4.6389160854775975,0.17802750974418222,0.38597270485129254,0.9357127826361658,1.5894447126991775,0.8170116654256631,6.449363239280452
8,1.5,2104,3627,14.068441064638785,3433.0250000000005,1.631665874524715,166.08499999999367,9.648307829682668,22.595608108108138,-2.3419244604316596,-0.14402872869103805,-38.27333333333354,-0.01618652336783777,54.41000000000031,6688.300000000008,-3255.275000000007,-2.8478080102489938,0.16112287551325521,0.37034051793801837,1.1663976119484643,1.631665874524715,0.9465191618417427,11.328752876968515
8,1.0,2171,3618,13.08152924919392,3405.520000000003,1.5686411791801027,146.51999999999498,11.050698715543927,22.34232394366201,-2.021801925722151,-0.09752617508904712,-38.27333333333354,-0.040939348741737165,54.41000000000031,6345.22000000001,-2939.700000000007,-5.1100653136798275,0.15438985059490468,0.37118383904649244,1.1653983261917609,1.5686411791801027,0.9412714206744066,16.08430944562156
8,2.5,2006,3673,15.80259222333001,3353.1249999999973,1.6715478564307065,165.099999999994,7.768540409185465,22.290157728706664,-2.869285162287493,-0.1650736702230961,-38.27333333333354,-0.018084637321793575,54.41000000000031,7065.980000000012,-3712.855000000016,-0.5518707161628228,0.17213931564753657,0.3624538907011588,1.1065590034379045,1.6715478564307065,0.912911788728559,10.126071917899562
8,2.75,1986,3679,16.112789526686807,3297.215000000003,1.6602291037260841,164.45499999999447,7.439915733630529,22.16443750000004,-2.979124803767669,-0.18360722514310093,-38.27333333333354,-0.016024143572096323,54.41000000000031,7092.620000000013,-3795.40500000001,0.16424474771615985,0.17307292615065079,0.35662915756742886,1.0722044697497868,1.6602291037260841,0.8962258765969021,9.042286339397181
8,2.0,2054,3676,14.946445959104187,3378.8600000000006,1.6450146056475172,152.06000000000085,8.520309064037123,22.566547231270395,-2.648559701492546,-0.15607343043735408,-38.27333333333354,-0.016053956240657325,54.41000000000031,6927.930000000011,-3549.0700000000115,-1.4025068587108107,0.1651787966217152,0.36367662455729444,1.1202026297432006,1.6450146056475172,0.9191675734494017,10.540004157259844
8,3.25,1955,3696,16.675191815856778,3217.317499999981,1.6456867007672538,171.6300000000001,6.89383997134044,22.038803680981626,-3.196883561643859,-0.1939381666500586,-38.27333333333354,-0.025155557954400488,54.41000000000031,7184.65000000001,-3967.332500000029,-3.2720197442697097,0.1746835450255687,0.34539498906436816,1.0112156921136384,1.6456867007672538,0.8704863365800815,8.485625749658269
8,3.5,1940,3702,16.95876288659794,3218.38499999998,1.6589613402061754,168.09999999999854,6.6995652122563865,22.020759878419486,-3.2868938775510452,-0.20561913185611363,-38.27333333333354,0.00208189907172707,54.41000000000031,7244.830000000011,-4026.4450000000306,-3.167727545778961,0.17710827440841856,0.3434111765930027,1.0049711150851945,1.6589613402061754,0.8693638573743869,8.068127344137748
8,3.75,1935,3715,17.002583979328165,3110.7399999999807,1.6076175710594216,174.16499999999905,6.498371521580246,22.021276595744716,-3.3887377049180585,-0.21952409085315888,-38.27333333333354,0.0009616972605427311,54.41000000000031,7245.000000000012,-4134.260000000031,-3.5373437106041425,0.17256022708219315,0.3302031598370296,0.9316213157114261,1.6076175710594216,0.8373458950201832,7.323194300960653
8,3.0,1973,3691,16.371008616320324,3278.419999999993,1.6616421692853487,163.0600000000004,7.186726425287689,22.199969040247716,-3.089023809523825,-0.18879495647957384,-38.27333333333354,-0.013528864234255134,54.41000000000031,7170.590000000012,-3892.170000000019,-3.1580617624653247,0.17389429452332833,0.3528000680221097,1.0510393888929044,1.6616421692853487,0.8882199945814123,8.801305926120571
8,4.0,1922,3712,17.117585848074924,3039.879999999983,1.5816233090530607,181.03999999999814,6.32965372116829,22.029027355623146,-3.4802894954508123,-0.22121944977498909,-38.27333333333354,0.014753495074133274,54.41000000000031,7247.550000000015,-4207.670000000032,-3.619122545630909,0.17053702747604263,0.3222538882939194,0.8862897157892151,1.5816233090530607,0.8189331896551678,7.149567140962476
9,1.5,1920,3301,14.270833333333332,3037.8799999999947,1.582229166666664,180.91499999999178,9.166440815823613,22.230912408759146,-2.425250198570303,-0.10789291294643052,-38.66333333333341,-0.05266374627975831,44.65199999999959,6091.270000000006,-3053.3900000000112,-3.006429815803619,0.1597754369306269,0.34307236535611135,1.0933896735173367,1.582229166666664,0.9202908209633428,14.664810907943973
9,1.0,1982,3294,13.319878910191726,2971.0799999999917,1.4990312815338,155.65999999999462,10.221026029267383,21.952121212121227,-2.14774144486693,-0.06530384171832387,-38.66333333333341,-0.06597992648118503,44.65199999999959,5795.360000000004,-2824.2800000000125,-7.085667677813449,0.15138381500968637,0.33030862107395653,1.062331078566407,1.4990312815338,0.9019672131147516,22.95471816190533
9,2.5,1835,3330,15.64032697547684,2898.8849999999993,1.5797738419618526,182.04500000000098,7.471896575213913,22.343101045296176,-2.990285106382982,-0.12713377016565194,-38.66333333333341,-0.05559153583322193,44.65199999999959,6412.470000000003,-3513.5850000000037,1.3840528340943183,0.16326035931394994,0.3266840192351138,0.9719393216998076,1.5797738419618526,0.8705360360360358,12.426075620218365
9,2.75,1818,3344,16.116611661166118,3012.5950000000007,1.65709295929593,190.39000000000078,7.263901245815437,22.48296928327647,-3.095164502164506,-0.14486155202822124,-38.66333333333341,-0.05140170604361621,44.65199999999959,6587.510000000006,-3574.9150000000045,2.1993302410602804,0.170941783043979,0.3391281106687184,1.0271639902085452,1.65709295929593,0.9008956339712921,11.439149561045038
9,2.0,1870,3331,15.080213903743314,3013.8500000000013,1.6116844919786104,180.4300000000012,8.173734322361364,22.43585106382981,-2.7448715824357954,-0.12216952508276206,-38.66333333333341,-0.054634765724467724,44.65199999999959,6326.910000000006,-3313.060000000005,-0.7550084839962085,0.16369774733669185,0.34078088618605157,1.0524352551293914,1.6116844919786104,0.9047883518462928,13.192197406732955
9,3.25,1785,3354,16.80672268907563,2984.3824999999915,1.6719229691876702,206.35500000000275,6.74284316079533,22.33796666666667,-3.3128409090909168,-0.16591029967542706,-38.66333333333341,-0.04796632208438633,44.65199999999959,6701.390000000001,-3717.007500000009,-0.411484681575879,0.17575946571831888,0.3345714635911846,0.9982191876750646,1.6719229691876702,0.8897980023852091,10.077270503751
9,3.5,1770,3357,17.062146892655367,3013.5849999999828,1.7025903954802162,197.07000000000107,6.599349644712797,22.47188741721854,-3.4051669675090404,-0.1708775244372706,-38.66333333333341,-0.034154360595458726,51.73000000000002,6786.509999999998,-3772.9250000000166,-0.9031310826100826,0.1785928943544307,0.33608063708821945,1.010014063105496,1.7025903954802162,0.8977018170985948,9.963805369296766
9,3.75,1762,3370,17.13961407491487,2896.867499999982,1.6440791713961307,209.1125000000011,6.372700207403649,22.470629139072848,-3.5260766092475233,-0.18821228807451923,-38.66333333333341,-0.03380252644000851,51.73000000000002,6786.13,-3889.262500000018,-1.5468300589699069,0.17356748530299437,0.3212236499758803,0.9296584282057987,1.6440791713961307,0.8596045994065229,8.735238215398494
9,3.0,1803,3355,16.472545757071547,3028.5799999999967,1.6797448696616732,196.60000000000082,7.014910028555358,22.495319865319875,-3.206786654960496,-0.16033900069549165,-38.66333333333341,-0.037693410013289436,44.65199999999959,6681.110000000002,-3652.530000000005,-0.45914972002469123,0.1741703064035502,0.3400681087075647,1.0270046021239576,1.6797448696616732,0.9027064083457517,10.476208922193337
9,4.0,1748,3367,17.276887871853546,2831.02999999998,1.619582379862689,215.51000000000158,6.208102580483951,22.479238410596032,-3.6209515096066065,-0.18648992272347656,-38.66333333333341,-0.0257519364534478,51.73000000000002,6788.730000000001,-3957.7000000000207,-1.9051676468475272,0.1717634680568695,0.3139336567431398,0.8883490372476253,1.619582379862689,0.8408167508167449,8.68455708603715
